sustainable,“activists
sustainable,“environmental
sustainable,bee
sustainable,bio
sustainable,biodegradable
sustainable,biodiversity
sustainable,biologist
sustainable,biowarming
sustainable,canopyplanet
sustainable,carbon
sustainable,cleanenergy
sustainable,clientearth
sustainable,climate
sustainable,climateaction
sustainable,climateactionnow
sustainable,climatechange
sustainable,climatecrisis
sustainable,climatedriven
sustainable,climatejustice
sustainable,climatepower
sustainable,climatestrike
sustainable,climáticos
sustainable,closetotheearth
sustainable,collectiveaction
sustainable,combat
sustainable,communityenergy
sustainable,denatured
sustainable,earth
sustainable,earth”
sustainable,earth911
sustainable,earthbased
sustainable,earthday
sustainable,earthday2021
sustainable,earthdaysoul
sustainable,earthfriendly
sustainable,earthgirlemma
sustainable,earthjustice
sustainable,earthy
sustainable,eco
sustainable,ecofriendly
sustainable,ecolabel
sustainable,ecologi
sustainable,ecologically
sustainable,ecologihq
sustainable,ecologist
sustainable,ecosystem
sustainable,enviro
sustainable,environment
sustainable,environmental
sustainable,environmentalism
sustainable,environmentalist
sustainable,environmentally
sustainable,environmentallyfriendly
sustainable,environmentalsocial
sustainable,environments
sustainable,envirovoter
sustainable,envstrategist
sustainable,forest
sustainable,forests
sustainable,forestwatch
sustainable,globalrecyclingday
sustainable,hydroelectric
sustainable,hydropower
sustainable,justourplanet
sustainable,lenvironnement
sustainable,loveonnature
sustainable,myleonelyplanet
sustainable,naturalist
sustainable,nature
sustainable,naturebased
sustainable,natureforall
sustainable,ocean
sustainable,oceans
sustainable,organic
sustainable,organically
sustainable,paper
sustainable,paperbag
sustainable,paperbased
sustainable,paperless
sustainable,planet
sustainable,planet—and
sustainable,planet’s
sustainable,planetary
sustainable,planetloving
sustainable,planets
sustainable,plant
sustainable,plants
sustainable,plastic
sustainable,plasticfreeparks
sustainable,plasticitate
sustainable,plástico
sustainable,plasticpollution
sustainable,plastics
sustainable,pollution
sustainable,preserve
sustainable,rainforest
sustainable,recyclable
sustainable,recyclablebiodegradable
sustainable,recycle
sustainable,recycled
sustainable,recycler
sustainable,recycling
sustainable,reducereuserecycle
sustainable,reforestation
sustainable,renewableenergy
sustainable,restoreourearth
sustainable,reusable
sustainable,reuse
sustainable,reused
sustainable,reusereducerecycle
sustainable,reusing
sustainable,sustainability
sustainable,sustainability—and
sustainable,sustainable
sustainable,sustainablehome
sustainable,sustainably
sustainable,sustained
sustainable,theecological
sustainable,trees
sustainable,treesareluv
sustainable,unearth
sustainable,unsustainable
sustainable,vegan
sustainable,voteoutclimatedeniers
sustainable,votesaveamerica
sustainable,votetheenvironment
sustainable,wakeupfuckedup
sustainable,water
sustainable,watersaving
sustainable,worldcleanupday2021
sustainable,worldenvironmentday
